{"Name":"","Position":{"X":-12.5,"Y":1.3070000410079957,"Z":-3.5399999618530275},"IsEnabled":false}